planet_mass,planet_radius,orbital_period,orbital_radius,star_mass,star_radius,star_luminosity
8.590133999999999,1.9454399999999998,0.7365478,0.015439,1.015,0.98,3.3107540650424556
4.51276,1.5791999999999997,3.53796,0.0436,0.91,1.0,2.582872804653366
36.8648,5.11952,8.46303507,0.08305,0.5,0.75,1.5080206049452207
32.09780000000001,3.136,18.859014,0.1417,0.5,0.75,1.3390359239107972
146.18800000000002,11.536,3.4878,0.046,0.99,1.71,2.8930158073392462
22.246000000000002,2.576,41.6855,0.241,1.67,1.08,6.2329510556137215
873.95,10.863999999999999,13.2406,0.1055,0.89,0.79,2.8553441179534604
740.474,16.016,2.994325,0.04351,1.27,1.36,4.406841467726476
291.42260000000005,16.128,2.8280517,0.04016,1.078,1.116,3.665052535026952
415.68240000000003,9.911999999999999,4.0350906,0.051,1.09,1.01,3.5631069440218344
2415.28,12.208,1.51214,0.027,1.13,1.21,3.112028115195002
170.02300000000002,13.104,5.35227,0.0618,1.098,1.19,3.392606047893739
772.2540000000001,11.424,3.768125,0.0461,1.04,1.59,3.6445989920440307
1102.766,14.671999999999999,1.90009057,0.0295,0.95,1.0,2.7780180526263023
352.75800000000004,14.447999999999999,3.8971372,0.0518,1.21,1.65,4.248533491974112
327.334,16.688,1.50896848,0.0254,0.95,1.11,3.2195291724057786
1347.4720000000002,9.408,9.2431839,0.0902,1.14,0.92,3.765747407955997
718.228,14.559999999999999,2.72474,0.0417,1.29,1.945,4.394418390833883
19.068,4.87648,9.75598,0.092,1.099,1.136,3.404265135425604
889.84,12.096,3.6314,0.0477,1.14,1.61,3.4285337519138444
5.7204,3.6959999999999997,5.1134,0.056,0.91,0.86,2.7858721275762237
27.9664,4.928,11.759,0.098,0.91,0.86,2.687188422179423
85.80600000000001,12.096,4.86069,0.0578,1.09,1.19,3.381080342632623
165.256,14.111999999999998,4.20474,0.0526,1.09,1.79,3.6156309713557118
3301.9420000000005,11.278399999999998,3.57532,0.0476,1.05,1.08,3.3845531372524658
153.8152,10.696,5.20851,0.059,1.01,1.78,3.0578628065071545
270.13,10.08,2.85057,0.039,0.976,0.9,3.174859474109249
1051.9180000000001,16.408,1.7429964,0.0281,0.97,0.902,3.1791591519726765
921.62,11.300799999999999,9.06005,0.0844,0.98,0.91,2.6002783952053927
266.952,16.352,4.62941,0.0586,1.25,2.15,4.217182315035861
47.67,6.3839999999999995,6.71837,0.071,1.09,0.79,3.5566458918166304
349.58000000000004,18.816,3.22748,0.0429,1.01,1.65,2.9733745843556125
216.104,15.791999999999998,5.616531,0.066,1.32,1.52,4.7232314110827085
6883.548000000001,13.328,4.2567994,0.057,1.41,1.44,4.976741453837892
228.816,13.328,9.20166201,0.09,1.1,1.15,3.5816324002608564
148.41260000000003,14.895999999999999,4.0379148,0.04947,1.0,1.186,2.8855890993675923
940.688,13.059199999999999,8.886593,0.0855,1.055,1.025,3.1440271745779826
13.287853600000002,1.5232,0.8535,0.0172,0.93,0.87,2.7807253717561715
68.58124,6.37504,6.21229,0.063,0.88,0.77,2.717384684564195
266.952,10.527999999999999,95.273804,0.407,0.99,0.94,3.030940698768272
14.39634,5.695199999999999,8.138268,0.0795,0.959,0.872,3.4291574719688476
123.40174,17.483199999999997,11.310099,0.104,1.168,1.313,4.24399833577054
266.952,12.488,20.273034,0.1367,0.95,0.88,2.704348961713759
27.013,5.7568,19.49221,0.1493,1.17,1.39,3.860637656606283
9.238446,2.5872,13.603,0.098,0.69,0.67,1.9508742744374994
9.629340000000001,2.6879999999999997,65.55,0.28,0.69,0.67,2.202850086425395
11440.800000000001,9.4752,5.292569,0.0593,0.99,1.01,3.1200568313852663
82.628,8.6688,12.4551225,0.1016,0.901,0.822,2.739645218247997
953.4000000000001,11.771199999999999,6.180235,0.07229,1.324,1.624,4.467768780871473
36.8648,2.6084799999999997,4.6,0.05,1.088,1.117,3.7406174305096305
533.904,13.764800000000001,3.042524,0.04047,0.93,0.962,2.7582020992137806
245.6594,14.8624,3.6915237,0.0467,1.0,1.064,2.923779451941391
2.6790540000000003,1.5187199999999998,7.397225,0.0559,0.427,0.428,1.0706013383290152
22.690920000000002,2.6084799999999997,35.61253,0.1932,0.76,0.73,2.021604308329918
3.699192,0.8912959999999999,7.78993,0.0695,0.76,0.73,2.18993567098806
3.340078,2.1279999999999997,2.8531054,0.03165,0.519,0.516,1.34583571324501
12.578524,4.186643209284032,3.336649,0.03557,0.51,0.48,1.504334527882248
1.8591300000000002,1.263024,1.1980035,0.01589,0.36,0.364,1.150129324252373
2.0866748,1.166032,3.93086,0.033,0.342,0.337,1.0890768816930505
8.777636,2.94784,50.817,0.24,0.65,0.68,1.751502519735804
56.266490000000005,8.77296,748.3,1.43,0.65,0.68,1.6310062813349007
22.246000000000002,4.255999999999999,2.64394,0.02887,0.452,0.464,1.3058840870591195
4.868696,1.527792,1.2089765,0.01866,0.659,0.651,1.8591137234773245
1.919512,1.1984,3.648086,0.03896,0.659,0.651,2.0748766451081306
3.419528,1.953392,6.20183,0.0555,0.659,0.651,2.073942934695862
146.18800000000002,11.703999999999999,3.722469,0.0439,0.82,0.81,2.6214831676299837
23.39008,4.3568,4.887802443,0.053,0.809,0.683,2.393622129724574
66.8936853033162,10.628799999999998,3.2130598,0.0384,0.73,0.7,2.229592637087387
270.13,14.335999999999999,2.916243,0.0426,1.22,1.56,4.023639587919627
776.7032,11.312,4.627686,0.0606,1.386,1.468,5.127734776598255
618.4388,12.0064,10.863502,0.0964,1.013,1.08,3.3976974648516474
1332.5354,14.436799999999998,2.77596,0.0413,1.218,1.237,4.066893931072585
169.70520000000002,11.312,10.338523,0.0882,0.857,0.837,2.6303187586404118
58.1574,10.606399999999999,5.508029,0.0559,0.77,0.717,2.7476296129552984
92.7976,12.678399999999998,4.008784,0.0466,0.842,0.82,2.2479282329257058
166.845,14.772799999999998,4.46529976,0.05561,1.151,1.174,3.9020292221214197
2302.7788,9.7104,2.875317,0.0361,0.756,0.694,2.018201212258986
1291.2214,11.4688,4.124461,0.0494,0.947,1.105,2.795456614572311
682.3166,12.096,3.21222,0.0414,0.916,1.04,2.5950380493367486
664.202,15.3216,1.212884,0.0232,1.13,1.29,3.4542812861673458
217.693,13.9104,3.35524,0.0465,1.191,1.317,4.203644587123414
180.1926,13.328,3.652836,0.0466,1.01,0.959,3.231652431633535
18.5913,6.3839999999999995,4.234502,0.0479,0.816,0.788,2.0304118071775386
209.74800000000002,11.815999999999999,3.0395803,0.0403,0.945,0.898,2.728837736559251
198.9428,13.574399999999999,3.257215,0.0434,1.025,1.103,3.219885874457505
247.2484,12.398399999999999,5.723186,0.0667,1.207,1.224,3.9956653045819928
2777.572,10.6512,5.6334729,0.0674,1.34,1.54,4.482466305708405
225.9558,15.008,2.81057534,0.0419,1.18,1.33,4.126997128598816
689.9438,11.984,5.005425,0.055,1.218,1.36,3.9712129030841012
238.35000000000002,20.0368,2.15000825,0.03427,1.176,1.387,3.6761935953670952
242.4814,20.4624,3.474474,0.0503,1.403,1.777,4.800253952192334
1057.6384,12.398399999999999,5.452654,0.0677,1.36,1.45,4.922631135918467
334.9612,14.9184,3.646706,0.0498,1.236,1.435,4.46668608386369
582.2096,14.156799999999999,1.327347,0.0238,1.022,1.096,2.8545256680020294
371.50820000000004,13.193599999999998,2.797436,0.0379,0.929,0.877,2.4838354113053986
84.85260000000001,9.239999999999998,4.640382,0.0523,0.886,0.923,2.9651000498932283
190.3622,17.5952,3.54387,0.0509,1.404,1.625,4.941855464440512
187.8198,9.2624,2.899703,0.03866,0.917,0.799,3.1560077667596618
195.447,19.375999999999998,4.457243,0.0608,1.512,2.206,6.14649093370718
254.24,18.872,2.694047,0.0426,1.28,1.19,4.607154844125978
309.855,14.302399999999999,4.641876,0.0575,1.179,1.528,3.8161033828595508
209.74800000000002,14.369599999999998,3.332688,0.0443,1.048,1.104,3.008483793019836
124.5776,14.335999999999999,4.301217,0.0507,0.939,0.979,2.8822986279062293
283.4776,15.971199999999998,3.128992,0.0452,1.259,1.319,4.074585056351394
156.6754,14.380799999999999,4.463129,0.0577,1.284,1.396,4.554496891977882
65.46679999999999,14.705599999999999,4.732182,0.0615,1.387,1.515,4.5558081860440405
53.39040000000001,12.6672,4.40865,0.0543,1.099,1.223,3.578860701719371
549.794,15.8256,2.691548,0.0438,1.543,1.833,5.790384097234168
216.104,14.223999999999998,3.0565114,0.0446,1.26,1.59,4.236093164908347
432.208,14.4256,3.1220109,0.0453,1.273,1.698,4.908319071147685
98.20020000000001,14.481599999999998,4.2180278,0.05069,0.976,1.041,3.0983154140071423
260.27819999999997,11.300799999999999,2.7535953,0.03694,0.887,0.893,2.8800773766357874
472.56860000000006,14.7616,1.9616241,0.03159,1.093,1.209,3.5005222632569217
241.52800000000002,10.572799999999999,3.799847,0.04117,0.645,0.617,1.6668620980218471
184.9596,13.238399999999999,3.5852467,0.04604,1.013,1.011,3.385002975749426
734.118,16.912,2.79083,0.0423,1.42,1.47,5.434826295500301
587.9300000000001,15.8256,2.465295,0.0406,1.47,1.5,5.7215007775441435
118.22160000000001,14.9184,4.013837,0.04994,1.031,1.53,3.4449728993025617
489.41200000000003,12.577599999999999,4.1419771,0.05064,1.0,1.1,3.0902446400755084
336.86800000000005,14.0224,2.788491,0.04079,1.163,1.137,4.050073978757934
182.41719999999998,18.2672,4.7947813,0.06277,1.435,2.197,4.989581457384065
335.9146,10.0688,1.90231289,0.0301,1.004,0.938,3.2263034214496065
241.84580000000003,12.017599999999998,2.6453235,0.03772,1.023,1.17,3.212463322216947
195.1292,12.5328,3.377728,0.04294,0.925,0.9661,2.8249336764565296
184.32399999999998,19.0736,4.007232,0.05387,1.298,1.735,4.806107915188529
248.83740000000003,17.808,2.972086,0.04363,1.255,1.881,4.259339262838575
230.0872,12.0064,2.29840551,0.02996,0.6785,0.67,2.0676530970857945
335.9146,14.895999999999999,3.853003,0.05235,1.29,1.46,4.213853889213139
553.2898,16.0272,2.204735471,0.0379,1.51,2.0,5.485489898361165
425.85200000000003,16.799999999999997,3.0763402,0.0449,1.28,1.58,4.201367285463074
212.92600000000002,15.679999999999998,3.922814,0.053,1.28,1.32,4.522329068685799
167.1628,10.852799999999998,3.312846,0.0449,1.1,1.105,3.6393860077572198
270.13,18.020799999999998,3.619188,0.0507,1.33,1.54,4.561502395926373
756.364,7.750399999999999,3.142702,0.0441,1.16,1.17,4.004281103387369
172.5654,13.574399999999999,3.0440499,0.04057,0.962,0.887,2.9806523598878303
340.36379999999997,11.6368,2.7667641,0.03815,0.967,0.933,2.721097309444977
689.626,12.376,1.74748753,0.02712,0.871,0.922,2.5672969259522205
1039.2060000000001,14.559999999999999,2.686502,0.03744,0.97,1.238,3.171303362450727
425.2164,8.702399999999999,16.254611,0.1308,1.131,1.091,4.058174008078069
629.244,14.9744,0.8378434,0.01761,1.037,1.02,3.0199043308407294
135.7006,18.592,4.569673,0.0589,1.303,1.74,4.064059934793372
589.519,14.5824,3.446459,0.0444,0.986,1.038,3.3171401932837368
86.75940000000001,8.6912,3.7992969,0.04619,0.91,0.892,3.1218848941396753
105.5096,12.577599999999999,3.5543973,0.04676,1.08,1.021,3.768842882587429
870.772,10.673599999999999,4.7228124,0.05025,0.759,0.689,2.193144842958462
467.166,20.832,2.1605156,0.03397,1.121,1.199,3.533622721960576
775.432,16.6544,1.3484954,0.02547,1.212,1.172,3.7596848694503406
194.8114,14.111999999999998,4.2986432,0.05163,0.994,1.107,2.903014234070058
206.57000000000002,19.599999999999998,3.3023881,0.04735,1.299,2.04,4.0648948282210915
168.43400000000003,16.799999999999997,4.637038,0.0611,1.415,1.74,5.0941786335737715
213.56160000000003,13.372799999999998,3.1810781,0.04131,0.929,0.922,3.2986060019620576
207.5234,14.011199999999997,4.6058749,0.05475,1.032,1.073,3.248137684879419
427.44100000000003,13.081599999999998,1.354133,0.023,0.882,0.898,2.8627295243951068
224.36679999999998,13.16,3.1743516,0.04354,1.093,1.061,3.078700598535801
279.664,18.368,3.37796,0.0478,1.275,1.87,4.086034443986556
292.37600000000003,13.988800000000001,2.8126548,0.04024,1.099,1.097,3.5584916200378243
378.81759999999997,13.776,2.5495551,0.03727,1.062,1.022,3.39265321941125
299.0498,16.016,2.1061607,0.03166,0.955,0.98,3.2041817839473925
388.3516,16.3968,1.8209933,0.03199,1.317,1.433,4.5739365941583
886.662,12.913599999999999,4.175186,0.0523,1.1,1.1,3.949149114197674
31.462200000000003,6.7871999999999995,4.3315366,0.04913,0.843,0.877,2.4628675043071304
23.5172,6.876799999999999,4.375021,0.05036,0.89,1.105,2.7858219784296043
200.214,17.584,4.5776348,0.06,1.379,1.621,5.3050117649981186
340.36379999999997,15.467199999999998,3.547851,0.0485,1.209,1.404,4.251614888523984
505.302,17.695999999999998,3.2642736,0.04997,1.56,2.26,5.710686488010153
3082.66,14.895999999999999,4.193649,0.0583,1.496,1.71,5.737335027456085
597.4639999999999,15.679999999999998,2.292102,0.03689,1.273,1.48,5.121716298737412
82.9458,13.216,4.3888497,0.04944,0.837,0.812,2.6653245392651232
177.96800000000002,11.950399999999998,2.7439004,0.03649,0.86,0.847,2.3320798436600083
222.46,14.4032,4.1876244,0.05511,1.272,1.315,4.2760574764585355
54.9794,10.1136,4.7423729,0.05367,0.917,0.853,2.7010954048095965
117.26820000000001,12.510399999999999,3.9228038,0.04269,0.674,0.6564,1.7547072830156887
77.22540000000001,8.959999999999999,3.1316666,0.03769,0.7279,0.7152,2.0125086317681067
112.18339999999999,8.568,4.1480467,0.04515,0.7133,0.6977,2.1573010538638377
420.4494,11.424,2.516729,0.0362,1.001,0.925,3.1608089640540533
123.94200000000001,12.655999999999999,3.8297015,0.05046,1.168,1.117,3.539567703534324
244.0704,15.791999999999998,3.3488702,0.04639,1.187,1.44,3.809035329896796
711.8720000000001,15.478399999999997,1.3665436,0.02498,1.111,1.046,3.9033876719341523
189.091,15.008,3.8537768,0.04753,0.964,1.1,3.1379004292053705
239.3034,11.367999999999999,2.5441765,0.037,1.05,1.23,3.458866998625974
191.3156,18.9056,4.324799,0.06043,1.573,2.201,6.081124751687021
1000.1166,12.655999999999999,2.350621,0.03493,1.026,0.96,3.090589054993951
327.334,12.264,4.2180896,0.05798,1.461,1.433,5.055511600398023
256.14680000000004,12.611199999999998,5.416081,0.06112,1.038,1.036,3.030938255364408
75.3186,10.2144,4.763387,0.0542,0.936,0.871,3.0395359771326254
210.38360000000003,12.913599999999999,3.560829,0.04708,1.1,1.46,3.6583707355585786
1080.52,13.384,7.817953,0.07908,1.075,1.667,3.113647328450776
56.8862,11.815999999999999,3.2768837,0.04163,0.911,0.923,2.5807394437412046
305.088,13.5184,3.0566527,0.04026,0.931,1.07,2.6824962932543954
305.088,18.8048,4.908897,0.06562,1.562,2.113,6.067457816057787
260.9138,16.811199999999996,3.105161,0.04497,1.269,1.296,4.259381424393514
1693.874,15.803199999999999,3.1414391,0.04714,1.406,1.851,4.933869141357473
460.81,18.872,1.6091788,0.03032,1.44,1.44,5.294734333724233
409.96200000000005,13.79952,3.5862202,0.05071,1.337,1.769,5.126392127907059
183.3706,10.584,2.2252577,0.03211,0.892,0.8785,2.91200350215045
101.3782,11.1776,3.3252725,0.03623,0.574,0.57,1.7802268917351
143.01000000000002,12.096,3.7955213,0.03946,0.569,0.5161,1.3943634858443608
39.852120000000006,8.09088,7.3279474,0.066517,0.7311,0.7214,1.8976851614295576
463.988,11.558399999999999,1.73185606,0.02384,0.6,0.5758,1.8225477384782531
156.0398,9.9008,2.7886556,0.032742,0.6017,0.5848,1.6885230258033068
835.4962,12.0848,1.9416423,0.02658,0.662,0.626,2.1450308066224113
436.65720000000005,13.048,3.0876262,0.03607,0.655,0.643,1.654344741999566
38.136,6.305599999999999,3.185315,0.04012,0.849,0.815,2.6238906469328
43.85640000000001,9.7776,3.583893,0.04667,1.056,1.086,3.328172652655058
266.6342,13.8432,1.915291,0.0312,1.1,1.56,3.601032593641527
12.597592,2.4415999999999998,9.55237,0.0907,1.09,1.3,3.6867759623528578
15.197196000000002,4.3456,21.05704,0.1536,1.09,1.3,3.2593775910629583
4.550896,2.04848,2.541,0.035,0.997,0.968,3.0862934811228384
2542.4,11.2,109.75,0.5109,1.47,1.49,5.269431825201841
131.887,11.4912,11.53533,0.1097,1.322,2.328,4.2672371138220555
10964.1,11.950399999999998,339.302,0.974,1.07,1.48,3.3086280063170355
113.4546,8.041599999999999,2.8758916,0.04288,1.3,1.497,4.5996029247227375
9.820020000000001,3.04752,11.6264,0.1049,1.15,1.43,4.25830400099712
9.670654,5.93488,27.13,0.148,1.15,1.43,3.792753684155977
244.0704,14.212799999999998,351.0,1.032,1.19,2.13,4.1593735903698095
249.02808,14.212799999999998,75.2203,0.362,1.12,1.76,3.6260201224420556
1015.371,12.264,21.2163979,0.1623,1.275,1.508,4.757903966518376
292.37600000000003,11.76,3.0925,0.045,1.28,1.19,4.407202595251823
535.493,13.6752,510.9,1.4,1.41,4.16,5.627528081762615
9.597560000000001,3.52688,17.471278,0.1334,1.031,0.985,3.4839971052616145
361.65639999999996,12.745599999999998,2.219,0.031,0.8,0.805,2.4580536353078495
7.69076,3.084592,15.507612,0.1236,1.044,1.205,3.0664459369423596
10.39206,3.3868799999999997,8.88029,0.078,0.81,0.945,2.3134616292871493
7.214060000000001,3.0777599999999996,28.5805,0.17,0.81,0.945,2.4923434714586477
5.78396,3.0374399999999997,38.3525,0.207,0.81,0.945,2.388699893473141
7.42063,1.71808,0.926118,0.018,0.9,1.13,3.0332012397182284
6.10176,2.2478399999999996,6.441008,0.0629,0.8,0.769,2.62436809437226
15.89,2.502976,16.202157,0.1164,0.801,0.779,2.5559643371048795
219.28199999999998,15.455999999999998,3.52472,0.04747,1.148,1.203,3.7294169383228066
8.828484,1.743616,1.008035,0.02012,1.068,1.101,3.425039063586068
4.268054,1.5008,3.093292,0.037,0.794,0.778,2.4843303414742364
3.9597880000000005,1.4138879999999998,6.765159,0.062,0.794,0.778,2.2707755712941813
16.589160000000003,4.70624,6.03607,0.06356,0.92,1.03,3.005885891487495
60.50912000000001,9.363199999999999,14.2767,0.1228,1.212,2.943,4.126973892709341
2.609138,1.360912,4.040295,0.05727,1.104,1.157,3.609749577646157
6.61024,2.326128,9.573083,0.1017,1.104,1.157,3.730930463535151
7.91322,2.604896,47.42489,0.2958,1.104,1.157,3.5374213668724757
8.320003999999999,1.8705119999999997,17.667087,0.1162,0.75,0.73,2.046734755176461
3.409994,1.8681599999999998,29.79749,0.1646,0.75,0.73,1.7557747350415591
3.089016,1.5318239999999999,5.70588,0.04749,0.439,0.439,1.2497406983939128
375.004,16.128,4.12692,0.0568,1.44,1.57,5.358526890851438
18.494371,2.1972159999999996,22.89104,0.1357,1.26,1.446,4.668719597746561
5.021240000000001,1.7024,0.959624,0.0186,0.94,0.87,3.003040379067789
9.78824,2.856,29.83832,0.1841,0.94,0.87,2.9767950305418664
77.5432,9.7104,18.71204,0.1436,1.127,1.277,3.66312526180511
104.87400000000001,11.088,18.1801,0.168,1.24,1.2,4.737964576919881
9.597560000000001,1.812608,6.584,0.0733,1.21,1.26,4.283300063659273
3.3496120000000005,1.3919359999999998,2.882,0.0422,1.21,1.26,3.894574043402997
4.128222,1.469776,5.516,0.0651,1.21,1.26,4.059989501908731
3219.3140000000003,12.700799999999997,686.8,1.66,1.26,2.41,4.691233441303321
73.09400000000001,11.424,3.02358,0.041,0.91,1.0,2.961392908631522
31.78,10.975999999999999,4.94739,0.058,1.07,0.94,3.234265853066035
7.7861,2.44832,14.33902,0.12,1.126,1.194,3.5691032172214205
21.896420000000003,2.1784,7.1079477,0.0719,0.99,0.912,3.06554609826476
15.317960000000001,2.7182399999999998,20.54383,0.1458,0.99,0.912,3.145093314488087
10.201379999999999,2.78768,6.398042,0.0604,0.66,0.71,2.322569636995594
9.597560000000001,2.72832,18.8805,0.1233,0.66,0.71,1.816524725336662
149.36599999999999,11.536,3.50928,0.046,1.05,1.25,3.378907468762203
73.09400000000001,11.088,3.97101,0.049,1.0,1.33,2.8384152044222324
8.67594,11.76,5.39792,0.05664,0.832,0.78,2.2424129744214976
1323.3509800000002,11.558399999999999,111.436765,0.4603,0.98,0.98,2.8711362341265656
5.599636,1.6127999999999998,0.719573,0.0166,1.18,1.22,4.168673145223324
127.75560000000002,11.648,2.985628,0.0406,0.9,1.04,2.990289779342265
476.70000000000005,12.096,1.99809,0.039,1.21,1.22,4.251700580312454
95.34,11.2,3.41566,0.047,1.2,1.93,4.0149908805903936
17.192980000000002,2.48752,146.05,0.58,1.25,1.54,3.8776349454687007
35.68894,6.854399999999999,11.81399,0.105,1.12,1.657,3.821761874637006
39.426268,3.97712,55.086,0.231,0.76,0.86,2.3053166215752054
7.808346000000001,2.245264,9.489295,0.08,0.85,0.73,2.6680202052857793
5.91108,1.827504,7.610303,0.06899,0.761,0.742,2.341983575969907
8.38992,2.39792,14.245648,0.10479,0.761,0.742,2.076213337282203
11.82216,2.5312,9.1265,0.098,0.775,0.716,2.350700897066189
12.0764,9.195199999999998,542.07975,1.37,1.15,1.4,3.7048951678793403
378.81759999999997,3.20544,7.712121,0.0787,1.094,1.08,3.6600752114955752
20.0214,2.7372799999999997,10.28891,0.089,0.898,0.836,2.6863802152156873
29.8732,3.3711999999999995,8.267704,0.0796,0.99,0.91,3.4993516166014595
5.7204,2.7327999999999997,13.339079,0.1091,0.97,0.98,3.018568979327125
266.952,15.971199999999998,3.313959,0.0475,1.3,1.81,4.159495715864347
59.4286,5.331199999999999,4.733999,0.0581,1.17,1.76,3.8428722847408254
16.6845,2.5536,13.86387,0.1027,0.75,0.71,2.1924568928979693
5.288192,1.8144,5.3518,0.057,0.84,1.25,2.169213535330034
406.78400000000005,12.129599999999998,5.817685,0.0642,1.04,1.24,3.189616994284088
587.9300000000001,10.662399999999998,11.391013,0.0954,0.89,0.84,2.5135294931449317
10.487400000000001,2.9008,6.413651,0.049,0.39,0.39,1.2351455208307887
155.722,14.559999999999999,9.1751,0.0916,1.08,3.85,3.5823874039098738
2.19282,1.3439999999999999,3.07133,0.03194,0.46,0.46,1.2088650764143656
3.1780000000000004,1.6015999999999997,4.86784,0.04341,0.46,0.46,1.2584515237658085
8.2628,2.0048,11.02454,0.07487,0.46,0.46,1.2896804480207507
3.11444,1.568,2.35322,0.0338,0.93,0.86,2.780480965328225
6.292440000000001,2.52,3.55987,0.04454,0.93,0.86,3.051950067207827
7.91322,2.6544,5.40478,0.05883,0.93,0.86,2.781653839486139
12.99802,3.2927999999999997,8.26144,0.07807,0.93,0.86,2.8258499346877284
1.5890000000000002,2.8112,12.75759,0.1043,0.93,0.86,2.5340893104346414
4.2903,3.0105599999999995,41.96797,0.231,0.93,0.86,2.520900188680761
121.0818,9.105599999999999,28.380619,0.1796,0.96,0.88,3.0247805291124688
295.55400000000003,12.241599999999998,6.56918,0.0687,1.0,0.99,3.154547976057541
5.771248,2.0496,2.6446,0.027,0.33,0.33,1.0230227974047164
7.493724,2.1839999999999997,4.00498,0.034,0.33,0.33,1.1287420704723905
4.7034400000000005,1.8032,6.342,0.0562,0.65,0.58,1.9881854122980573
6.514900000000001,2.5984,13.85,0.0946,0.65,0.58,1.930486700884186
4.89412,1.904,40.718,0.1937,0.65,0.58,2.034560854213526
9.18442,2.5984,19.562307,0.126,0.7,0.68,2.220988224479285
11.4408,2.3072,8.867209,0.0753,0.72,0.72,1.9938846544894404
20.0214,2.6879999999999997,4.7369683,0.0526,0.88,0.8,2.513043426867789
8.920646000000001,2.3632,32.939623,0.1429,0.36,0.41,1.0202372125194479
6.896260000000001,1.72816,3.2253993,0.0382,0.73,0.68,2.0572403832776454
12.3942,2.84816,7.3744897,0.0662,0.73,0.68,2.0858515950793963
32.38382,7.7391999999999985,7.9194,0.074,0.93,0.86,2.8283821071447672
10.805200000000001,4.860799999999999,11.90715,0.0971,0.93,0.86,2.781364493927969
9.8518,1.1423999999999999,2.50856,0.0344,0.93,0.86,2.7323408026081615
7.999026000000001,1.7471999999999999,2.1748,0.028,0.7,0.72,2.03103411776582
1.9798940000000003,1.8368,9.00315,0.076,0.68,0.65,2.066524221588225
4.960858,2.4863999999999997,15.0,0.107,0.68,0.65,1.678648191927983
7.945,2.3486399999999996,15.3885,0.1211,1.0,1.09,3.3634718926433496
21.292600000000004,2.0271999999999997,8.32727,0.0769,0.87,0.79,2.715176215866281
25.1062,2.64768,31.0,0.182,0.87,0.79,2.883537607417533
126.48440000000001,11.2,11.168454,0.10356,1.19,1.16,3.8250404334199173
3.30512,1.4,2.46746,0.03317,0.8,0.74,2.306144639248223
8.294580000000002,2.6431999999999998,24.3662,0.1527,0.8,0.74,2.2879064133638924
392.80080000000004,18.390399999999996,2.1805577,0.0353,1.23,1.38,4.108061693061447
273.308,14.559999999999999,3.20466,0.046,1.19,1.59,3.9084408849688845
1.3983200000000002,1.0976,5.24,0.0441,0.4,0.36,1.2726644453240814
0.8898400000000001,0.9967999999999999,7.775,0.0576,0.4,0.36,1.0928518766397273
1.3029800000000002,1.0976,10.115,0.0685,0.4,0.36,1.0220258946217802
4.989459999999999,1.9935999999999998,6.034,0.0513,0.58,0.54,1.5904494186408062
4.6081,1.8032,20.523,0.1159,0.58,0.54,1.5862142666790335
18.998084000000002,5.3984,20.88977,0.154,1.07,1.16,3.181966515901627
15.39741,7.4928,42.3391,0.247,1.07,1.16,3.3925052485927565
451.276,17.3824,2.6266657,0.0404,1.39,1.69,4.8499637013508865
70.8694,9.52,11.63344,0.102,1.1,1.65,3.7113702882193884
14.80948,2.408,50.818947,0.2573,0.88,0.85,2.768951405731309
6.540324000000001,1.7135999999999998,2.369172,0.03376,0.92,0.98,2.810720328387119
8.8984,2.9232,14.697,0.1035,0.69,0.7,2.177999048238085
14.297822000000002,2.7327999999999997,19.482,0.1249,0.69,0.7,1.8129796233464153
30.896516000000002,4.4799999999999995,6.771315,0.06702,0.87,0.89,2.0736592201902746
37.08726,7.6608,19.895202,0.1488,1.11,1.28,4.054400846934034
9.680188000000001,2.5872,3.471745,0.03817,0.83,0.79,2.5931772787912593
15.677074000000001,3.5279999999999996,7.138048,0.0824,0.83,0.79,2.600016544367424
6.49901,2.4752,10.45582,0.1178,0.83,0.79,2.6009293612015045
10.700326,1.9487999999999996,14.76289,0.18041,0.83,0.79,2.4297941642089445
6.80092,2.0944,27.359,0.1768,0.64,0.62,1.8723141213938737
100.107,9.4864,14.893291,0.1206,1.06,1.07,3.5801307278563024
48.591620000000006,9.0944,13.156969,0.107,0.95,1.02,2.5821601054799803
10.90054,3.0576,9.21165,0.0923,1.19,1.51,3.981706472196267
245.9772,11.267199999999999,48.36685,0.305,1.19,1.51,4.101903524119879
6.489476000000001,1.5903999999999998,2.225177,0.03261,0.93,0.9,2.8285502169967596
24.499202000000004,2.6319999999999997,16.9841,0.13,1.0,1.09,3.1269735005015136
106.46300000000001,10.0464,4.024867,0.0451,0.74,0.7,1.907462215472485
231.994,13.328,3.2588321,0.04217,0.94,0.86,2.601944389676648
184.0062,11.6368,4.098503,0.04839,0.9,0.84,2.605194159792209
8.749034,1.9487999999999996,3.5951,0.047,1.05,1.71,3.460924506727159
14.669648,3.66688,15.624,0.13,1.05,1.71,3.512786986804799
10.179134000000001,3.9367999999999994,35.747,0.22,1.05,1.71,3.512300778424505
563.7772,11.872,1.25785,0.022,0.91,0.78,2.668482892414902
14.9366,4.9616,8.991828,0.08035,0.86,0.84,2.3987770780950273
8.1039,2.7327999999999997,20.66186,0.1399,0.86,0.84,2.433011725460542
6.70558,3.2703999999999995,31.7142,0.1862,0.86,0.84,2.4613332383288276
2.09748,1.008,4.34882,0.04951,0.86,0.84,2.81685767739218
1175.8600000000001,5.04,5.424865,0.0409,0.56,1.05,1.5575755532181397
565.6840000000001,13.944,2.995633,0.0426,1.15,1.44,3.5822360319627253
3.899406,1.4336,1.422614,0.0223,0.79,0.72,2.499103245733816
7.798812,3.1169599999999997,5.3410507,0.054,0.79,0.72,2.41362704115467
28.602,6.272,4.60543,0.062,0.66,2.97,1.924422513852144
6.479941999999999,2.1728,10.054626,0.0775,0.6,0.56,1.723203425108193
2.138794,1.8479999999999999,24.646582,0.1405,0.6,0.56,1.6288604112275453
2.799818,1.512,44.55646,0.2086,0.6,0.56,1.8959842948181505
9.18442,2.5984,12.20772,0.098,0.85,0.81,2.5178106135127125
43.85640000000001,3.8192,2.849258,0.03486,0.7,0.63,2.158028252173208
135.3828,7.6496,3.00265,0.045,0.97,1.12,3.0078937225219575
21.298956,2.4863999999999997,5.06963,0.05983,1.11,1.67,3.7135472128142406
11.79038,4.08688,10.99475,0.0987,1.06,1.28,3.4665881460803867
37.88176,7.5936,9.726618,0.094,1.16,1.4,3.7692485120846753
8.8984,2.5984,13.733314,0.096,0.63,0.62,2.0156714806594747
530.726,3.8751999999999995,10.134016,0.0696,0.44,0.42,1.119853929487591
32.09780000000001,5.1968,10.136448,0.0974,1.2,1.57,3.7641427161077003
276.486,11.7152,18.24783,0.153,1.63,2.63,5.762102003273156
215.78620000000004,15.6688,4.166285,0.0525,1.112,1.209,3.650593979854033
61.971000000000004,14.559999999999999,4.736529,0.06229,1.438,2.72,5.072403799460712
301.91,20.048,5.0316144,0.0617,1.239,1.291,4.215950828124992
292.37600000000003,16.1616,3.329441,0.04613,1.181,1.481,4.145277437927327
873.95,15.847999999999999,0.9689951,0.02044,1.211,1.36,4.088147045140743
416.31800000000004,17.08,3.0801716,0.04881,1.635,1.645,6.079798400290284
375.004,17.584,2.8717518,0.0455,1.524,1.908,5.7153869778276745
8653.694000000001,12.879999999999999,1.217514,0.02472,1.335,1.471,4.306273165650077
1242.5980000000002,17.7632,3.6127647,0.05224,1.458,1.638,5.499440395113404
1172.682,13.44,1.38665318,0.0248,1.05,1.11,3.152388320529806
298.0964,14.817599999999999,2.255251,0.03302,0.942,0.996,2.733626159909684
472.2508,14.6272,4.1137914,0.05498,1.31,1.842,4.590159323315041
450.6404,14.929599999999999,2.7033902,0.04117,1.282,1.482,3.9043291069954678
280.9352,19.1072,2.9895933,0.04321,1.204,1.61,4.458640807264225
140.4676,13.216,7.845582,0.08,1.126,1.529,3.960574662906034
394.072,14.481599999999998,2.734784,0.0446,1.535,1.732,5.332380698904394
277.7572,20.832,3.24406,0.04571,1.211,1.67,4.179873958649065
50.848000000000006,5.712,3.4876812,0.0474,1.17,1.56,3.710700189422664
3.1780000000000004,1.2544,6.02976,0.0684,1.17,1.56,3.767438474005262
8.8984,2.2176,16.1457,0.117,0.81,0.76,2.3580532694833662
5.199208,0.8847999999999999,27.4536,0.165,0.81,0.76,2.6931159957172013
9.8518,3.3711999999999995,15.9654,0.133,1.09,1.44,3.341698827217092
36.229200000000006,5.1408,179.612,0.6679,1.09,1.44,3.4554440115426615
5.30726,3.1024000000000003,11.427548,0.094,0.81,1.35,2.3386279371425136
7.69076,3.1248,23.668205,0.153,0.81,1.35,2.32696818637896
9.88358,3.5728,51.755394,0.257,0.81,1.35,2.6506552595834387
5.0848,4.804799999999999,5.4122,0.066,0.96,0.89,2.581280664871561
4.598566,1.3104,7.1262,0.072,0.96,0.89,3.1825206630094174
3.508512,1.5344,3.1800218,0.04544,1.24,1.45,4.563978816315543
9.387812,1.5903999999999998,4.901452,0.06064,1.24,1.45,4.297758498245953
8.599668000000001,2.9008,14.749143,0.12639,1.24,1.45,4.10987353831016
4.6081,1.4784,0.837491,0.0172,0.91,1.06,2.610654424252633
7.369782,2.3486399999999996,45.2946,0.241,0.91,1.06,2.7359817437002896
6.9916,1.2544,5.188549,0.053,0.71,0.67,1.97223637848684
2.8602,1.6015999999999997,8.041,0.07,0.71,0.67,1.774151307259043
3.8136,2.5312,11.776,0.09,0.71,0.67,1.8683113693354083
29.8732,8.0528,18.7959228,0.1445,1.13,1.61,3.836160663956562
584.7520000000001,12.331199999999999,50.790391,0.2804,1.13,1.61,3.678484619457006
1.9068,1.8032,10.3039,0.091,0.96,1.06,3.0212859237575564
2.8602,2.8672,13.0241,0.107,0.96,1.06,2.790924121537583
7.3094,3.1136,22.6845,0.155,0.96,1.06,3.170273338984559
7.945,4.1888,31.9996,0.195,0.96,1.06,3.097280540637899
1.9068,2.4863999999999997,46.6888,0.25,0.96,1.06,3.335935869459701
25.1062,3.3263999999999996,118.3807,0.466,0.96,1.06,2.9330918385957085
137.2896,19.6448,4.4379629,0.0553,1.17,1.48,3.8599779532058536
1677.9840000000002,12.409600000000001,217.83184,0.753,1.2,1.29,3.5705800426134413
209.74800000000002,10.751999999999999,4.942782,0.05714,1.02,0.99,3.224417054063668
4.998994000000001,2.2064,11.8728787,0.103,1.03,1.03,3.5615888587771223
47.79712000000001,5.0176,31.562,0.1974,1.03,1.1,3.095590547372045
1868.664,11.984,3.84937278,0.0544,1.45,2.89,5.516340898258802
1.9068,1.1984,21.803855,0.1405,0.77,0.73,2.4373949009743687
1271.2,10.1472,1071.23228,1.89,0.77,0.73,2.031879646583782
105.82740000000001,8.44256,228.776,0.7048,0.8499,0.65,2.753844602679696
4.468268,2.02832,9.03502,0.08,0.838,0.768,2.3737981777421386
5.41849,2.04848,11.28,0.0416,0.838,0.768,2.434662675018697
1461.8799999999999,9.952319999999999,737.1131,1.64,1.088,1.117,3.5902770197768334
778.6100000000001,14.671999999999999,1.4857108,0.02591,1.16,1.05,3.6293417573889433
6.9916,1.9935999999999998,3.504725,0.0447,0.97,1.11,3.047779188955953
17.1612,5.4879999999999995,7.64159,0.0752,0.97,1.11,2.616885459897416
16.5256,6.9776,14.85888,0.1172,0.97,1.11,3.145027811590746
8.399454,2.2176,9.28716,0.085,0.94,0.86,2.8290260432490895
9.699256,1.8704,3.69611525,0.0463,0.95,0.96,3.226951627351326
12.750136000000001,3.0464,10.85409089,0.0949,0.95,0.96,3.035176843394814
10.067904,2.7439999999999998,77.61130017,0.3506,0.95,0.96,2.898431925820504
14.301,0.9967999999999999,19.57758478,0.1396,0.95,0.96,3.0074931157442615
5.078444,1.6351999999999998,2.78578,0.042717,1.41,1.9,5.74112068901258
7.398384,2.9904,7.38449,0.073,1.12,1.72,3.7931425306204782
5.100689999999999,3.4383999999999997,9.84564,0.088,1.12,1.72,3.9069677798542495
7.999026000000001,5.2304,14.78869,0.116,1.12,1.72,3.8436027870481526
4.798780000000001,4.592,19.72567,0.14,1.12,1.72,3.877917700152312
35.9114,2.3743999999999996,289.8623,0.849,0.97,0.98,3.2405573330245048
254.24,1.904,7.1073,0.075,1.11,1.55,3.608269829871546
858.0600000000001,3.1919999999999997,10.7421,0.099,1.11,1.55,4.1158447325103475
17.479,2.1952,15.274299,0.124,1.11,1.55,3.1944358831615585
508.48,2.3968,8.1453,0.08,1.03,1.29,3.385617002498076
508.48,2.8,12.3335,0.106,1.03,1.29,3.122885860097285
8.7395,2.7439999999999998,6.238297,0.068,1.19,1.31,3.8162775022479396
15.22262,5.208,12.7207,0.11,1.19,1.31,4.02243296961371
5.119758,2.7775999999999996,12.28,0.085,0.54,0.51,1.5090984988311245
6.200278,2.7215999999999996,17.2559,0.107,0.54,0.51,1.4487732549170569
49.259,4.3008,35.736,0.232,1.23,1.75,4.888171499141102
37.5004,3.1024000000000003,54.414,0.30728,1.23,1.75,4.406909680856699
2895.158,3.9983999999999997,15.3348,0.118,0.65,0.59,1.7919528383807397
4385.64,4.8944,31.3309,0.191,0.65,0.59,1.9808779404010446
7.3094,2.1504,34.545,0.21,1.08,1.0,3.3380850457168805
133.476,11.5808,125.8518,0.51,1.08,1.0,3.7471747503876673
4.1314,2.6767999999999996,66.0634,0.33,1.08,1.0,3.609458990107118
479.87800000000004,3.5951999999999997,5.9123,0.062,0.75,0.7,2.60357409271603
432.208,3.3935999999999997,8.9858,0.081,0.75,0.7,2.0114836087969636
4.998994000000001,2.5423999999999998,10.33974,0.09,0.76,0.73,2.2127042812839735
4.5000480000000005,2.3407999999999998,13.28613,0.11,0.76,0.73,2.0020435143237885
10.487400000000001,3.5951999999999997,5.487,0.05856,0.83,0.79,2.7168585882362466
6.0382,3.2927999999999997,8.291,0.07711,0.83,0.79,2.626185571768722
11.4408,3.8975999999999993,29.33434,0.18,0.99,0.95,3.3317704812127733
638.7779999999999,12.286399999999999,60.323105,0.3,0.99,0.95,2.8144006862863775
23.1994,8.792,143.34394,0.5,0.99,0.95,3.2892487250025777
1493.66,5.297599999999999,42.6318,0.26,1.21,1.22,4.109865959487876
2161.04,3.8975999999999993,87.6451,0.4,1.21,1.22,4.6126383792391925
1302.98,2.1952,5.90124,0.05,0.58,0.53,1.7353788782269386
158.9,1.9935999999999998,8.7522,0.09,0.58,0.53,1.7209247916095487
30.60414,2.4415999999999998,13.726976,0.117,1.1,1.74,3.371514514188705
3.8294900000000003,1.5008,13.86825,0.1153,1.03,1.63,2.8812145740760022
7.128254,3.6736,16.21865,0.1283,1.03,1.63,2.7714954785371675
5.4026000000000005,1.9375999999999998,39.7922,0.2109,0.87,0.79,3.001716623267675
120.76400000000001,4.367999999999999,105.595,0.4644,0.949,1.757,2.9579268196899546
450.0048,3.5391999999999997,20.485435,0.161,1.22,3.57,3.6550897291792235
75.6364,3.4943999999999997,42.994,0.36709,0.81,1.17,2.317847036245423
17.7968,5.297599999999999,88.505,0.22662,0.81,1.17,2.203133130666545
6387.780000000001,13.888,21.08721,0.164,1.29,1.4,4.563291652434929
699.1600000000001,13.104,6.87349,0.08,1.48,2.13,5.739345789252971
25.59879,2.3968,3.005156,0.0375,0.87,0.82,2.5680676792674855
26.396468,4.4128,7.834435,0.0739,0.87,0.82,2.2581202102652993
15.197196000000002,3.3151999999999995,58.02035,0.279,0.87,0.82,3.009417621067719
299.0498,15.019199999999998,1.7208604,0.02897,1.17,1.29,3.372995357335748
67.0558,4.3467199999999995,66.262,0.3553,1.3623,0.7761,5.051901441639643
794.5,10.751999999999999,69.7546,0.37,1.39,1.74,4.900188026169674
177.96800000000002,14.447999999999999,1.8555582,0.03101,1.15,1.29,3.7388793841074883
136.654,12.879999999999999,7.8914483,0.082,1.15,1.24,3.835099489588437
189.091,13.350399999999999,2.6843285,0.03585,0.85,0.95,2.4420963884588422
327.334,9.968,3.3118644,0.044,1.01,0.94,3.0736842351147406
79.45,10.9536,3.79701816,0.0464,0.93,0.86,3.0513170292540144
108.052,12.208,3.21751883,0.0414,0.91,0.92,2.9951087113184074
92.16199999999999,13.776,10.290994,0.091,0.96,1.35,2.974235065094024
403.606,12.096,3.52563254,0.0433,0.87,0.8,2.529491226796107
1719.298,12.824,52.501129,0.301,1.32,4.06,4.499752130843298
896.196,16.24,5.33408384,0.0679,1.46,2.26,5.213470870610291
908.908,12.655999999999999,12.8747099,0.1143,1.2,1.38,4.018667282627003
1026.4940000000001,13.652800000000001,3.0240949,0.046,1.32,1.42,4.335457395430844
435.386,18.479999999999997,7.79430132,0.0769,1.0,1.05,3.028439300371158
317.8,12.208,3.2467293,0.0446,1.12,1.35,3.8083138542664003
6.05409,2.352,10.57,0.0954,0.85,1.05,2.6990681189757413
160.489,10.751999999999999,2.455239,0.03,0.59,0.55,1.552592180665773
1906.8000000000002,9.0496,33.60134,0.1968,0.902,0.79,3.052768732508992
19.017152,7.034719999999999,187.35,0.6992,1.043,0.964,3.1516574285065855
24.4706,3.9983999999999997,3.21346,0.0456,1.22,1.49,4.054198529817967
31.78,1.7135999999999998,7.81254,0.077,1.24,1.58,4.092017633414933
34.958,2.1728,9.37647,0.087,1.24,1.58,4.126657296106418
2.2246,7.0896,45.154,0.2514,1.04,0.94,3.721698922745599
4.1314,8.9936,85.312,0.384,1.04,0.94,3.4945286136816103
7.6272,9.687999999999999,130.194,0.509,1.04,0.94,3.189771885438883
10.59863,2.2176,81.73778,0.4669,0.89,0.87,2.712435417849534
308.266,8.366399999999999,125.63243,0.4988,1.05,0.95,3.4310971067005083
22.246000000000002,6.507199999999999,10.5016,0.1028,1.32,4.23,5.035204981034399
181.146,9.7888,21.40239,0.1652,1.32,4.23,4.375806893779604
651.49,1.0976,11.8681707,0.112,1.04,0.94,3.3397022975115362
435.386,1.9823999999999997,17.9801235,0.148,1.04,0.94,3.3564217911726937
670.8758000000001,15.971199999999998,3.5484657,0.0538,1.37,1.79,4.994118445622496
4.188604000000001,1.7135999999999998,7.1334,0.07497,1.04,1.26,3.5673317008901
3.8485579999999997,1.904,8.9187,0.08701,1.04,1.26,3.520847168635564
4.1600019999999995,1.9935999999999998,11.8981,0.10548,1.04,1.26,3.282097500810454
9.534,1.3104,5.714932,0.0553,0.69,0.64,2.0909404748235527
13.9832,1.9487999999999996,18.16406,0.12,0.69,0.64,1.973920068558325
35.9114,1.6127999999999998,122.3874,0.427,0.69,0.64,1.862591094539392
34.958,1.4112,267.291,0.718,0.69,0.64,1.9001623356125419
120.1284,6.104,9.4341505,0.08,0.98,0.9,2.93284137378084
26.695200000000003,2.576,5.859944,0.068,1.25,1.41,4.668787877497599
10.805200000000001,1.5232,8.13123,0.084,1.25,1.41,4.6275546671980266
14.9366,2.8,17.815815,0.1352,1.04,0.97,2.9337377970712897
14.9366,2.9344,15.7259,0.1171,0.86,0.78,2.408472272776194
7.649446,2.3072,5.3988,0.0617,1.08,1.24,3.7210813942244325
2.040276,0.9262399999999998,9.6051,0.09059,1.08,1.24,3.697037746103852
212.29040000000003,14.6048,3.2346996,0.04852,1.21,1.39,4.424448664744448
200.214,10.751999999999999,7.340711,0.0781,1.18,1.12,4.164785405605633
3209.78,11.76,8.8849116,0.0818,0.91,0.89,2.87469658715735
638.7779999999999,15.232,1.5449298,0.0274,1.2,1.32,3.6022497348073346
136.654,10.751999999999999,3.57878087,0.04501,0.95,0.99,2.7074380866405696
10.90054,3.472,13.4845,0.117,1.17,1.3,4.241041627620227
6.0382,3.7184,27.4029,0.187,1.17,1.3,3.912060736748212
6.0382,7.1568,52.0902,0.287,1.17,1.3,4.406643836883076
4.1314,3.4831999999999996,81.0659,0.386,1.17,1.3,3.5978295974480603
140.1498,18.1664,4.8854892,0.06067,1.36,1.97,4.904923839891644
6.92804,2.6655999999999995,7.05246,0.0648,0.73,0.68,2.1769273936663365
6.740538,2.7327999999999997,9.52355,0.0792,0.73,0.68,1.8805973934613658
6.750071999999999,1.5232,3.07222,0.0372,0.73,0.68,2.0636281152296516
4.128222,1.6015999999999997,4.64489,0.0491,0.73,0.68,2.1199744477615123
12.149494,4.0656,26.44,0.1683,0.91,0.9,3.065753039891117
13.897394,5.331199999999999,51.54,0.2626,0.91,0.9,2.568053106023174
14.777700000000001,1.9711999999999998,8.306,0.07891,0.95,0.89,2.7352684476769875
18.7502,2.1728,12.513,0.10369,0.95,0.89,3.0341163139564804
108.79883,9.481919999999999,282.5254,0.824,0.94,1.0,3.2048713544045304
324.156,13.484799999999998,114.73635,0.481,1.1,1.82,3.4990910555759136
6.356000000000001,6.1376,191.2318,0.676,1.1,1.82,3.434561635583178
10.487400000000001,1.7135999999999998,3.743208,0.05119,1.28,1.52,3.987331261388224
15.5722,4.311999999999999,10.423648,0.1013,1.28,1.52,4.7039461898644745
106.14520000000002,11.255999999999998,22.342989,0.1684,1.28,1.52,4.211958383692302
34.958,6.552,54.32031,0.3046,1.28,1.52,3.9737019508906455
187.502,15.859199999999998,3.5224991,0.0474,1.21,1.49,4.097473198887641
4.5445400000000005,1.568,4.72674,0.053,1.09,0.98,3.6278070930976463
43.395590000000006,8.288,19.23891,0.143,1.02,0.96,3.383130312110876
29.898624,8.075199999999999,38.9853,0.227,1.02,0.96,3.45291061696119
5.2495044520618,1.6351999999999998,1.592851,0.0273,1.02,0.96,3.2715463167706926
460.81,10.527999999999999,86.647661,0.382,0.99,1.13,3.0136060759188603
349.58000000000004,13.776,17.855182,0.154,1.5,1.4,5.609987348653952
4.598566,1.904,20.4415,0.14728,1.02,0.97,3.1625920507778105
9.000096000000001,1.904,13.6088,0.112293,1.02,0.97,3.1798676372455423
70.99652,8.85248,134.4786723,0.5187,1.08,1.14,3.412230193834565
15.000160000000001,5.43536,284.060953,0.8539,1.08,1.14,3.2693095814905613
613.354,11.088,141.241671,0.534,1.01,0.96,3.1783785956854778
17.28832,4.3008,4.2881785,0.0504,0.928,0.818,2.9315752812989295
346.40200000000004,11.536,1.706291,0.0269,0.892,0.907,2.4608757247694064
4.6081,1.3887999999999998,1.4015,0.02091,0.62,0.6,1.7246545374767288
4.19496,1.087184,3.81433,0.0404,0.502,0.501,1.4128188905251264
30.79482,4.692799999999999,4.052037,0.0417,0.59,0.584,1.523828327918896
29.317050000000002,4.71632,0.7920641,0.01679,1.0,0.92,3.0011587937612845
257.418,9.968,3.91405,0.0464,0.87,0.82,2.458814929512298
1646.204,14.2464,5.5514926,0.06971,1.461,1.506,5.252066555690503
117.586,9.2176,35.455285,0.2,0.862,0.832,2.412147979834937
66.1024,11.7376,7.532806,0.0757,1.021,1.589,3.270140961867437
1538.152,12.790399999999998,4.119027,0.0549,1.3,1.788,4.19263122589965
29.2376,4.928,3.5357173,0.0403,0.898,0.842,2.5712460911911115
238.6678,12.32,3.27623,0.0441,0.995,0.954,3.051055394259276
211.97260000000003,14.559999999999999,4.84532,0.0523,1.002,1.213,3.245168922403767
242.7992,13.888,3.24253,0.0391,1.025,1.337,3.127973280783742
129.9802,13.552,3.05125,0.0448,1.003,1.392,3.2817385349759087
258.0536,14.895999999999999,2.647298,0.0326,0.617,0.573,1.547309169388198
947.044,11.984,54.18915,0.313,1.47,1.78,5.914333016121376
750.008,14.895999999999999,1.5433897,0.0236,0.72,0.86,2.0550863379312925
194.8114,14.190399999999999,4.076,0.0504,1.01,1.24,3.1735432873289513
165.256,13.596799999999998,3.4678796,0.0479,1.26,1.64,4.226426722280812
203.07420000000002,11.457599999999998,2.823093,0.0388,0.91,0.86,2.9645763517366346
212.92600000000002,17.2032,4.5111204,0.0584,1.64,1.702,6.247043055765647
756.364,16.576,1.6753728,0.023,1.017,0.93,3.778669540000262
20.59344,3.17744,1.3373508,0.019,0.75,0.84,2.133068257898194
72.7762,12.723199999999999,3.3569866,0.0382,0.661,0.739,1.8668749288966997
422.67400000000004,14.235199999999997,0.882058,0.016623018,0.7876,0.656,2.308017751241254
295.55400000000003,12.208,2.4997,0.035,0.89,0.98,2.671045187505509
921.62,11.984,4.43527,0.058,1.34,1.38,5.16279398506455
1379.252,18.0768,2.4855335,0.0404,1.42,1.503,4.745660943219563
216.104,19.264,3.10129,0.04162,1.18,1.16,3.8073479551047784
171.61200000000002,12.062399999999998,4.01451,0.047,0.82,0.831,2.51851468008827
394.072,12.432,1.4324772,0.0229,0.78,0.765,2.2719920736485957
371.82599999999996,13.776,1.689868,0.0306,1.26,1.34,4.184704344879935
336.86800000000005,16.464,3.9791,0.051,1.14,1.14,3.6946678844035
238.35000000000002,14.111999999999998,3.67724,0.051,1.33,1.64,4.83491394700963
413.14000000000004,13.44,1.211909,0.0225,1.17,1.32,3.6846986976336464
3.629276,1.872528,6.267852,0.06702,1.094,1.1,3.386059586149195
233.9008,17.180799999999998,1.645321,0.0286,1.156,1.254,3.973809046017551
411.2332,12.801599999999999,1.42002504,0.02332,0.838,0.803,2.426588498197618
792.5932000000001,14.044799999999999,1.33711647,0.02153,0.74,0.78,1.9459991829074414
1369.7179999999998,12.2752,2.5079204,0.03783,1.145,1.272,4.271862409540594
1859.1299999999999,17.3824,1.8053949,0.02861,0.896,0.849,2.4797712886069903
1372.8960000000002,12.398399999999999,2.8792319,0.04127,1.128,1.076,3.6431262332397827
212.29040000000003,11.8944,3.506189,0.0423,0.822,0.722,2.4398386176032285
597.4639999999999,19.04,2.032046,0.0352,1.409,1.564,5.275373202006379
117.9038,14.391999999999998,3.71495,0.0474,1.029,1.315,3.117490695702287
378.182,11.300799999999999,1.540731,0.0234,0.719,0.696,1.987850345181153
1207.64,9.072,4.2,0.055,1.24,1.18,4.173791473995396
3082.66,12.655999999999999,1.796,0.03,1.1,1.45,3.3380257333271057
1855.952,11.872,3.31249,0.046,1.3,1.331,4.441957752911019
617.1676,12.510399999999999,15.168865,0.1207,1.026,1.088,3.3320092599633986
19.195120000000003,6.2048000000000005,4.21285367,0.0622,1.21,3.23,4.229095109349943
16.906959999999998,2.8672,9.139703,0.09103,1.204,1.264,4.083828182530823
10.1696,2.2621759999999997,4.11412,0.052,0.94,0.84,2.9154554474378145
13.5065,2.5849599999999997,6.443868,0.06152,0.748,0.726,2.1296121516061666
2.5106200000000003,2.6489119999999997,12.226574,0.09429,0.748,0.726,1.9914409626734395
1064.63,14.559999999999999,4.0782387,0.0561,1.35,1.81,4.511908531732624
19.277748,3.55712,4.07445,0.04457,0.684,0.687,1.807300229335866
325.662372,13.308959999999999,8.350231,0.07191,0.684,0.687,1.9759941706656485
144.91680000000002,8.590399999999999,2.310644,0.0343,1.0,0.963,2.9567914801833224
6.279728,2.41304,2.4919863,0.0287,0.512,0.508,1.409847125524794
1112.3,2.90752,91.68278,0.39,1.03,0.993,3.3415411091421063
15.413300000000001,3.6467199999999997,24.245586,0.1288,0.485,0.476,1.3341428583835464
5.91108,1.6926559999999997,3.444717,0.03826,0.63,0.619,1.8693924365719279
8.320003999999999,2.10784,3.294736,0.037,0.59,0.58,1.535291677267232
8.1039,3.0072,4.30744,0.049,0.87,0.86,2.779597302073821
8.80306,2.5076799999999997,5.904144,0.061,0.87,0.86,2.4737048579035648
5.30726,3.5067199999999996,18.6559,0.131,0.87,0.86,2.877740845122946
14.80948,3.7766399999999996,37.9216,0.211,0.87,0.86,2.6834019819411092
140.1498,11.446399999999999,3.47798,0.0407,0.68,0.739,1.8413618651260633
9.50222,2.72384,4.65382,0.05186,0.859,0.848,2.758036567914996
6.629308,2.7567679999999997,9.15059,0.0814,0.859,0.848,2.570899999722529
13.60184,2.92768,19.98,0.137,0.859,0.848,2.6691769772988767
8.558354,2.408,3.127463,0.0367,0.66,0.65,1.960103054785298
13.1887,2.75744,7.493134,0.0657,0.66,0.65,1.9208068805661316
11.838049999999999,3.1169599999999997,16.608,0.1116,0.66,0.65,1.9444891208511108
4.2299180000000005,2.6174399999999998,10.894841,0.0728,0.45,0.42,1.2747479744157373
2.879268,2.1279999999999997,18.801611,0.1047,0.45,0.42,1.0869121811891886
92.16199999999999,9.184,8.1577094,0.072,0.96,0.92,3.0212511792313106
5879.3,12.208,14.47567,0.095,0.55,0.573,1.554916508443663
94.70439999999999,13.7872,3.9443715,0.0497,1.17,1.664,3.8158170461358125
113.1368,9.419199999999998,4.537164,0.059,1.44,1.412,5.164209634517618
22.827574000000002,3.4271999999999996,2.1097008,0.026,0.97,0.9,3.0153253511199662
753.186,15.635199999999998,4.720219,0.0626,1.464,1.925,5.240548351572277
537.082,16.799999999999997,4.424711,0.058,1.375,1.485,4.6419289160862895
2.5106200000000003,1.35856,1.4520358,0.023,0.59,0.66,1.7706234982777314
3.47991,1.6183999999999998,1.0697564,0.019,0.798,0.793,2.9436987467130513
25.1062,11.880959999999998,6.9561063,0.071,0.987,0.923,2.877764121065333
8.8984,3.9569599999999996,12.9972,0.108,0.981,1.019,2.984213685036647
6.9916,2.0944,7.434162,0.0705,0.843,0.789,2.8363542346536783
4.38564,1.82896,5.971143,0.051,0.49,0.49,1.355609694939243
3.20978,1.27904,1.8805136,0.0208,0.339,0.344,1.1137329634084912
6.6388419999999995,2.0623679999999998,15.532482,0.0849,0.339,0.344,1.0930320150226809
7.318934,2.1784,2.527093,0.0285,0.471,0.469,1.2348394657835018
7.239484000000001,2.46848,18.08816,0.106,0.471,0.469,1.3672832636837924
9.8518,3.8975999999999993,20.772907,0.1438,1.022,0.9662,3.119013896189566
18.30528,3.3402879999999997,52.563491,0.2669,1.022,0.9662,3.0084186636422863
269.1766,11.872,10.180249,0.0903,0.946,1.05,2.899854991478009
797.678,14.055999999999997,5.857487,0.0643,1.249,1.551,4.331144105143938
375.004,14.4032,2.0845435,0.0318,0.948,1.167,2.8578208589835294
314.622,13.876800000000001,5.331751,0.06864,1.517,2.186,5.770678743256348
4.910010000000001,1.78864,0.989343,0.01545,0.502,0.45,1.3113407571740274
387.716,16.6768,4.231306,0.058,1.4352,1.648,5.058063039226303
13.792520000000001,2.05856,10.98462,0.103,1.21,1.316,4.045040182585386
184.32399999999998,10.863999999999999,40.7750145,0.249,1.21,1.316,3.809688008665846
2.7966400000000005,1.4089599999999998,1.7666957,0.0226,0.49,0.46,1.2720007837472571
5.78396,1.904,3.1342788,0.033548,0.54,0.53,1.555874856070115
251.37980000000002,12.1632,2.2554477,0.03524,1.147,1.288,3.577383450747768
28.2842,5.33568,24.283429,0.16,0.984,0.968,2.9208041815908303
26.777828000000003,5.045599999999999,3.49151,0.0391,0.646,0.6243,2.0030215193469565
1719.298,10.808,9.47721,0.0913,1.124,1.774,3.6125307125507744
4.1314,1.6936639999999998,8.303342,0.0742,0.79,0.751,2.3060679553424706
19.068,1.3887999999999998,2.38839,0.0291,0.58,0.55,1.7649654663042467
2.09748,2.11792,4.4929,0.0443,0.58,0.55,1.4199155978924773
4.2903,2.51776,9.0497,0.0707,0.58,0.55,1.4054417413083986
6.80092,3.0576,18.849975,0.1176,0.61,0.6,1.6244033843987502
222.46,15.679999999999998,3.208666,0.04873,1.499,2.172,5.640990044086237
1.5000160000000002,1.151136,1.914558,0.02607,0.65,0.651,1.7700021539824076
4.7701780000000005,1.66768,3.23845,0.037,0.65,0.651,1.872685563317079
3.009566,2.569952,6.5577,0.0592,0.65,0.651,1.8477150195571137
3.858092,2.2052799999999997,9.961881,0.0783,0.65,0.651,1.8905242636065644
7.719362,2.2851359999999996,15.231915,0.1039,0.65,0.651,1.7731915702526153
3.9407200000000002,2.8672,20.7095,0.1275,0.65,0.651,1.7978942788342294
24.089240000000004,2.72832,4.1374386,0.0476,0.807,0.798,1.8862018921668655
5.7884092,2.0888,10.64396,0.078,0.54,0.55,1.4061271264232504
309.5372,11.2,3.7130818,0.04393,0.819,0.773,2.381787652548105
41.314,6.92496,4.53206,0.05578,0.781,0.74,2.1751204668068853
730.9399999999999,12.544,4.8607,0.069,1.04,1.51,3.1594575075904676
68.0092,11.648,9.5739,0.1,1.46,2.02,5.359255051801036
2.19282,1.30928,1.062107,0.0204,0.99,0.94,3.0893315574571902
212.92600000000002,11.088,29.090312,0.1525,0.627,0.607,1.733787318620572
638.7779999999999,13.9664,0.94667944,0.01932,1.072,1.08,3.6678848861821995
54.026,9.072,104.87236,0.48,0.936,0.82,3.0487202566417295
10.29672,2.6375999999999995,3.098331,0.0426,1.074,1.113,3.458221424107795
75.69996,7.963199999999999,9.1270553,0.0875,1.074,1.113,3.7442302215636305
408.6908,11.8048,141.834025,0.5516,1.112,1.075,3.7635291744755293
13.28404,3.3868799999999997,3.3452,0.03,0.342,0.333,1.0404472279464607
133.476,11.2,52.97818,0.3,1.316,1.317,4.535040646381957
1398.3200000000002,12.544,8.872086,0.089,1.32,1.56,4.347187374244809
4.38564,1.8188799999999998,7.768915,0.0632,0.559,0.535,1.5976708573117675
5.0848,2.0383999999999998,10.50534,0.0752,0.54,0.534,1.708800238767748
6.740538,2.46848,6.0784247,0.05006,0.49,0.475,1.473525504504728
4.09962,1.2488,17.774872,0.101,0.465,0.453,1.3764368362398627
7.40474,1.32944,28.17221,0.137,0.465,0.453,1.2010511366816472
9.130393999999999,2.6879999999999997,9.2292005,0.078,0.69,0.77,1.6773756502219541
41.88604,7.264319999999999,95.5,0.371,0.69,0.77,1.9005339083660329
1700.23,12.353599999999998,10.261081,0.1108,1.72,2.738,6.254048337695293
899.374,14.347199999999997,3.3773512,0.05064,1.516,1.612,5.807420213309205
292.37600000000003,16.2736,3.6240801,0.0513,1.233,1.396,4.3952034224730205
260.596,10.751999999999999,8.60077,0.074,1.12,1.41,3.685583210867799
17.733240000000002,7.68432,17.0991,0.1293,0.77,0.747,2.354647787863532
167.79840000000002,10.091199999999999,34.5507,0.2068,0.77,0.747,2.1007089038122557
875.539,11.312,260.158,0.828,1.111,1.636,3.319908271843292
298.73199999999997,19.823999999999998,2.1225735,0.03319,1.082,1.248,3.5791963784406016
26.059600000000003,3.5067199999999996,1.1947268,0.02234,1.032,1.043,3.1538131977396375
310.8084,11.2,11.9101,0.09564,0.823,0.794,2.2875320712832843
203.39200000000002,11.144,8.001968,0.0854,1.296,1.564,4.6584504483355005
13.60184,3.0172799999999995,10.695264,0.0892,0.825,0.858,2.326628481593913
19.51292,1.73824,27.26955,0.1363,0.454,0.464,1.439964604543753
1900.4440000000002,11.2,22.65398,0.158,0.99,1.05,2.8260541171607034
71.50500000000001,8.6016,4.0197517,0.04871,0.954,0.886,2.9842768018849344
3.5911399999999998,1.6106719999999999,1.273114,0.0212,0.788,0.75,2.3442147114896326
4.09962,1.8032,1.3060011,0.0202,0.64,0.65,2.0352328520461405
34.617954,6.05472,3.738252,0.0491,1.12,1.26,3.568687883776416
317.8,2.7372799999999997,4.93777,0.05741,1.036,0.881,3.3726390395805113
26.695200000000003,8.6688,23.2856,0.1511,0.849,0.785,2.5586456878353223
208.7946,10.1248,49.2519,0.249,0.849,0.785,2.6752836216868094
42.58520000000001,7.0112,18.38827,0.1523,1.389,1.926,4.801922619984791
79.45,14.447999999999999,4.5207265,0.0571,1.215,1.477,4.014253398901118
69.2804,12.062399999999998,5.45664,0.0635,1.15,1.726,3.424858307981493
1112.3,12.096,61.6277,0.3,0.93,1.07,3.1055739471889106
8.80306,2.7675199999999998,3.6977104,0.0345,0.3917,0.398,1.2233993938005525
1.9068,1.246,3.36008,0.0306,0.4,0.38,1.102308666567648
6.61024,2.41808,5.660172,0.0472,0.4,0.38,1.5176899733058904
5.4026000000000005,2.1279999999999997,11.38014,0.0733,0.4,0.38,1.3452074522823378
9.78824,3.0925439999999997,3.994086,0.0269,0.52,0.523,1.5560559190237688
139.832,17.808,4.8084983,0.04089,1.063,1.069,2.9966030637323984
309.855,18.0992,1.96229325,0.03185,1.118,1.245,3.8776807671732767
225.638,15.2656,4.039709,0.0493,0.977,1.229,3.4423662617154442
117.586,12.835199999999999,3.5514058,0.0475,1.135,1.265,4.028925262820285
533.904,13.148799999999998,2.3505614,0.03386,0.936,1.073,2.982856306883681
197.036,16.4192,3.9014971,0.0505,1.12,1.668,3.387490277876195
13.045149740000001,3.6591855999999994,1.926907,0.027,0.664,0.68,1.9231891619048151
211.33700000000002,11.390399999999998,2.59261842,0.02709,0.3939,0.3697,1.105531414910342
57.204,3.1919999999999997,0.777038,0.0159,0.88,0.87,2.564898304805642
1271.2,13.44,18.095367,0.155,1.445,1.83,4.964184767494967
530.726,12.219199999999999,5.8768918,0.0675,1.186,1.419,3.6793545861621526
82.628,8.288,3.9365578,0.043,0.63,0.6,1.3659567554988308
311.444,13.0704,3.246075,0.0456,1.2,1.302,4.196242800294942
218.96419999999998,11.1328,2.15484802,0.0263,0.53,0.51,1.173720990352536
85.29752,11.984,3.438753,0.03845,0.64,0.62,1.7035430012596247
14.949312,5.1363199999999996,4.6747373,0.043,0.52,0.5,1.5581812588824824
352.75800000000004,13.126399999999999,3.2443141,0.04611,1.242,1.538,3.883765230353663
129.0268,14.268799999999999,3.4936264,0.0463,1.088,1.392,3.514755154027891
55.615,12.264,6.607662,0.0743,1.254,1.501,4.273336164557266
11.123000000000001,3.0172799999999995,1.348335,0.0229,0.88,0.83,2.6136948360878582
20.30742,5.9248,5.414654,0.058,0.88,0.83,2.381789229378012
38.145534,6.17456,14.70886,0.113,0.88,0.83,2.7084681766666865
7.214060000000001,1.69792,4.75642,0.05245,0.851,0.839,2.1984938638011244
8.790348,2.52,17.1784,0.1235,0.851,0.839,2.6686152157838423
231.994,13.036799999999998,3.1774835,0.04469,1.178,1.112,4.044255190697392
212.92600000000002,16.688,3.660028,0.051,1.32,1.82,4.601409148098473
136.654,13.2944,4.0664428,0.04823,0.905,0.859,2.450054324083168
822.7842,12.689599999999999,3.5819111,0.03939,0.63,0.62,1.9051700150191202
9.88358,3.2871999999999995,12.46103,0.098,0.78,0.731,2.235061494621188
304.1346,15.12,4.378081,0.0579,1.36,3.52,5.03457888337417
252.33320000000003,13.2496,2.8807198,0.04035,1.056,1.062,3.545087867481852
8.294580000000002,2.8179199999999995,1.1589,0.0164,0.452,0.451,1.191128324569626
635.6,12.208,15.266446,0.118,0.95,0.86,3.3791277826228545
473.522,11.872,9.95581,0.0994,1.31,3.55,5.309197873159544
2.7013000000000003,1.4138879999999998,3.965991,0.036,0.392,0.374,1.068170695298863
1045.5620000000001,12.0064,225.11757,0.771,1.218,1.126,4.036014752599638
9.597560000000001,3.4776,13.63083,0.107,0.91,1.0,2.585260783334172
5.0848,1.3686399999999999,6.42975,0.0649,0.91,1.0,2.6704419594116002
734.118,12.432,4.28088,0.0555,1.242,1.409,4.084989279959295
212.92600000000002,8.4672,1.5227596,0.0185,0.335,0.348,1.1601284936235219
1036.028,11.872,20.33003,0.158,1.24,1.4,3.87928707125798
166.845,11.8608,1.2652328,0.01648,0.369,0.373,1.2063081001918814
127.12,9.296,6.387597,0.052,0.53,0.54,1.6769990478459669
61.4943,5.81504,2.32666508,0.0296,0.639,0.612,1.7685476983186952
133.476,9.744,3.792622,0.04,0.612,0.588,1.6021308058372155
58.697660000000006,11.2896,10.590547,0.098,1.113,1.053,3.85946109583689
11.79038,3.5168,4.77271,0.057,1.113,1.053,3.439755383315883
2.8888020000000005,2.01824,1.548352,0.0225,0.85,0.66,2.635634872431465
419.49600000000004,11.300799999999999,75.12375,0.332,0.89,1.058,2.675327277519523
1147.258,12.1632,14.574071,0.1291,1.349,1.496,4.622884044802548
1909.978,12.219199999999999,6.9839095,0.0723,1.026,1.233,3.1652015882732973
6.61024,2.90752,10.778831,0.089,0.805,0.832,2.103031025063182
12.149494,2.8179199999999995,25.7124,0.159,0.805,0.832,2.1839651627965413
13.60184,2.548,77.03,0.33,0.805,0.832,2.221786451267169
464.94140000000004,11.424,1.651144,0.02734,1.1,1.04,3.0846965526069767
20.0214,4.9056,47.73022,0.249,0.905,0.938,2.8589932558459354
3.68648,1.6236639999999998,4.164753,0.0352,0.337,0.328,1.1575696786214404
15.413300000000001,3.7564799999999994,5.0988179,0.04825,0.577,0.55,1.5987830141532287
2011.6740000000002,11.872,3.4095675,0.0486,1.311,1.345,4.588980092158853
279.664,19.835199999999997,5.0037775,0.06608,1.536,2.082,6.365151116879048
23.485419999999998,5.2561599999999995,1.977143,0.0231,0.442,0.421,1.1504101242176616
392.80080000000004,13.2048,11.2366,0.1038,1.18,1.28,3.91723842827574
1.2902680000000002,0.913248,9.977219,0.0677,0.416,0.42,1.0424161839982984
7.91322,2.5984,16.051137,0.0929,0.416,0.42,1.2742555053911178
2.259558,1.0721759999999998,37.42396,0.1633,0.416,0.42,1.1037131441237353
5.593280000000001,2.04736,9.531361,0.07928,0.732,0.674,1.7642127008305184
8.70772,2.6992,51.69906,0.2447,0.732,0.674,2.314908835672617
7.5000800000000005,2.472064,84.8396,0.3405,0.732,0.674,1.9176277755227302
8.04034,2.3878399999999997,12.252284,0.0757,0.38,0.38,1.0670457991128648
9.78824,2.2780799999999997,5.6057,0.06,0.917,0.897,2.694959266587041
9.317896,2.62752,12.2737,0.1,0.917,0.897,2.8879218246233145
4.658948,1.82896,8.24664,0.0652,0.544,0.538,1.6184844834818286
6.10176,2.05856,15.6653,0.1,0.544,0.538,1.6356166913420016
889.84,15.3888,4.633611,0.06,1.4,1.71,4.682571332101241
9.670654,1.9286399999999997,2.7970365,0.038,0.91,0.907,2.7521318247734468
18.4654512,2.9236479999999996,1.392978,0.02177,0.69,0.68,1.9485157091396133
1.9068,1.2689599999999999,1.04318777,0.0171,0.61,0.6,1.8049773511345637
4.528650000000001,1.7026239999999997,3.81673,0.0422,0.678,0.665,1.9577791206435744
9.597560000000001,2.5849599999999997,8.59545,0.075,0.678,0.665,1.8666223785939433
39.086222,3.4413119999999995,0.76552414,0.01598,0.929,0.919,2.924800467765732
349.58000000000004,14.055999999999997,3.2797178,0.04445,1.08,1.3,3.685927249601737
3.8136,1.65872,14.362565,0.1054,0.758,0.719,2.007464849942104
211.97260000000003,13.1152,3.739494,0.04666,0.85,1.14,2.4965539937798775
16.1356594,3.1834879999999997,3.183792,0.041657,0.95,1.028,2.69431687688857
825.9622,4.8059199999999995,4.32419,0.04796,0.88,0.893,2.7488431160153834
794.8178,5.785919999999999,10.15643,0.0847,0.88,0.893,3.046038292947606
55.2972,9.542399999999999,3.6849729,0.04963,1.201,1.892,3.9104201470866102
9.089080000000001,2.762816,1.8237305,0.02636,0.734,0.671,2.046013962629109
241.84580000000003,12.3088,3.0300722,0.0393,0.88,0.85,2.7891041303686377
398.2034,13.3168,2.4706133738,0.03555,0.98,1.0,3.2822855156152144
606.998,14.615999999999998,1.30618608,0.0226,0.924,0.813,2.979680619827948
291.42260000000005,19.1072,3.5539268,0.05084,1.388,1.798,5.189665612054993
565.0484,13.5408,1.4822446,0.02446,0.893,0.866,2.6409822702647068
158.9,9.94224,24.14041,0.1716,1.1,1.305,3.4773468420019897
19.79894,5.236,8.24872,0.0839,1.1,1.305,3.5773597724512523
35.9114,6.33472,12.40214,0.1101,1.1,1.305,3.443253641066528
209.74800000000002,9.497599999999998,46.768131,0.2667,1.1,1.305,3.6325963792185
645.134,18.927999999999997,2.849375,0.0457,1.57,2.0,6.044611935262823
158.9,15.791999999999998,3.585722,0.0506,1.34,1.29,5.155580750681237
198.3072,14.100799999999998,2.709813,0.0401,1.167,1.331,3.8362363223620863
473.522,17.113599999999998,0.925542,0.01985,1.22,1.436,3.7862210883692358
404.2416,12.734399999999999,1.7554137,0.02918,1.02,0.93,3.2592056650691976
572.0400000000001,10.751999999999999,7.87288,0.075,0.89,0.9,2.9922027492185537
611.765,12.152,9.289715,0.0917,1.27,1.85,4.63764476432034
38.136,10.527999999999999,5.72149,0.055,0.69,0.66,1.766225449355223
370.87260000000003,13.608,2.6755463,0.0397,1.167,1.215,3.8815679165569685
289.19800000000004,16.1616,3.3190233,0.0463,1.203,1.346,4.144310577039063
1004.248,12.096,3.0927616,0.0371,0.71,0.783,2.2073201021889646
163.667,13.865599999999999,3.7783977,0.0457,0.892,0.881,2.7440359743134404
587.9300000000001,16.150399999999998,2.310965,0.03914,1.5,1.85,5.387117314714428
279.664,13.3392,3.0353992,0.0382,0.807,1.002,2.5710822287709907
150.955,15.7808,4.54216874538,0.05885,1.318,1.608,4.562654789851633
562.1881999999999,14.996799999999999,1.5487743,0.02851,1.289,1.43,4.061977090722099
87.55390000000001,11.435199999999998,10.02165,0.09459,1.126,1.17,3.412505043217783
163.3492,16.128,4.0460435,0.05453,1.32,1.7,5.040688673157197
390.894,15.679999999999998,2.49979,0.0363,1.02,1.2,3.117941316915667
1608.068,16.967999999999996,3.6112706,0.0522,1.45,1.93,5.29689791132867
376.2752,20.887999999999998,1.2749255,0.02544,1.353,1.458,4.904276149992218
445.23780000000005,20.0704,1.7100567,0.03107,1.4,1.567,5.091616497097056
292.37600000000003,14.8624,2.977641,0.0431,1.207,1.296,4.355287120322215
190.68,13.888,3.37265,0.0499,1.07,1.02,3.428729081350848
90.28698000000001,10.751999999999999,3.2888,0.0449,1.12,1.27,3.4495290624667114
57.204,15.344,4.178062,0.052,1.08,1.39,3.352251329731313
317.8,10.416,5.748145,0.0628,1.0,0.9,2.9506633187949545
390.894,9.968,11.55098,0.1012,1.04,0.96,3.2278694620702133
85.80600000000001,13.664,5.322023,0.0607,1.06,1.53,3.558658483733914
130.298,10.04192,7.133514,0.067,0.8,0.74,2.586746525274159
368.64799999999997,13.552,2.176423,0.0345,1.16,1.44,3.897385723590968
448.73359999999997,11.0656,10.1467583,0.0956,1.131,1.16,3.6866638241892127
603.82,14.559999999999999,1.4013794,0.0243,0.98,0.96,2.699827847299994
479.87800000000004,15.455999999999998,5.215357,0.0661,1.51,1.38,5.703876124168346
216.42180000000002,14.223999999999998,3.9080284,0.0519,1.216,1.65,4.175817746705969
775.432,16.128,2.2359835,0.0323,0.9,0.87,2.850064471224712
854.8820000000001,13.552,3.310651,0.0469,1.25,1.37,4.26196311552303
266.952,17.136,2.052868,0.0347,1.33,1.64,4.918462759448885
230.405,13.820799999999998,3.778873,0.049,1.087,1.0,3.391372549756938
139.832,9.52,2.2783152,0.0316,0.81,0.81,2.386176390340463
352.75800000000004,13.753599999999999,3.396944,0.0451,1.057,1.29,3.542266652928604
87.39500000000001,12.488,4.60273,0.0549,1.044,1.429,3.5242404551066646
91.20859999999999,8.4672,8.80345,0.08215,1.0,1.03,3.0877852226482236
2332.9698000000003,14.347199999999997,2.2437661,0.036,1.211,1.306,4.085855089621502
2688.588,11.984,5.644207,0.0694,1.346,1.706,4.573914571529562
98.518,12.655999999999999,4.533471,0.055,1.077,1.14,3.255266187116342
123.94200000000001,17.36,3.332609,0.048,1.336,1.73,4.348428088751736
41.40934,6.2048000000000005,3.8361603,0.0451,0.842,0.76,2.5929916829072837
183.0528,11.1776,3.951623,0.0499,1.06,1.1,3.174252346817953
174.79000000000002,15.455999999999998,3.840401,0.0538,1.41,2.11,4.787396380830344
172.2476,15.993599999999999,3.7520656,0.0499,1.18,1.477,4.077657690003369
89.30180000000001,12.241599999999998,3.768495,0.0455,0.89,0.872,2.6516332321535625
791.3220000000001,12.801599999999999,5.4060425,0.0673,1.39,1.712,5.013435338511838
1652.5600000000002,11.2,9.62468,0.0871,0.95,1.11,2.7074516707294505
594.2860000000001,13.462399999999999,1.6096884,0.0266,0.97,1.015,2.741060515301144
676.914,12.633599999999998,1.7771255,0.02818,0.946,0.932,3.065609105514537
209.1124,14.111999999999998,3.465509,0.04823,1.248,1.75,4.245401911519872
32.4156,6.8936,5.44354215,0.0668,1.19,1.22,4.280130517687828
2542.4,16.912,2.0219591,0.0365,1.518,1.756,5.615552183088913
133.476,16.799999999999997,4.153658,0.0519,1.08,1.12,3.6872921977196476
178.28580000000002,14.6048,5.6114118,0.0681,1.337,2.011,5.061380881688248
271.719,11.2896,3.1186009,0.0421,1.022,0.946,3.427310260464916
508.48,12.2752,2.34478022,0.0337,0.93,0.938,2.840781045310669
344.4952,11.0656,3.8186244,0.0504,1.171,1.637,4.5408266782841995
149.36599999999999,17.584,5.477433,0.0694,1.49,1.91,5.595840373832695
314.622,13.529599999999999,3.0652907,0.044,1.212,1.204,3.8406465290922696
271.719,16.855999999999998,3.899052,0.0535,1.27,1.945,4.779545510506585
161.44240000000002,17.695999999999998,3.071722,0.03957,0.876,0.885,3.1671369742349054
254.24,14.447999999999999,3.409265,0.048,1.3,1.19,4.519722564703302
95.0222,13.260799999999998,4.5195064,0.05427,1.04,0.965,3.5323369361056214
47.0344,9.52,3.3769848,0.0451,1.076,1.34,3.548617638495715
159.53560000000002,16.464,4.1117771,0.04632,0.784,0.871,2.2532618302889964
181.146,14.895999999999999,5.1817,0.0627,1.23,1.65,4.8116853220856886
1341.116,12.432,5.026799,0.06,1.22,1.47,3.7547480253360925
254.24,18.368,5.147878,0.0653,1.54,2.83,5.393369464565296
3314.5268800000003,13.048,0.9414518,0.02047,1.24,1.23,3.9012117419169994
317.8,12.879999999999999,5.367753,0.0663,1.35,1.6,4.751852551081435
44.174200000000006,16.3968,6.2463345,0.0676,1.12,1.225,3.8227564428159067
361.9742,15.791999999999998,0.78884,0.016634,0.904,1.004,2.750073965448238
300.9566,16.956799999999998,2.5199448,0.03958,1.24,1.382,4.1611204714305075
99.4714,16.3408,4.8996285,0.06003,1.202,1.392,4.129025392242288
95.34,13.552,4.3225126,0.052,1.01,1.06,3.1680908210931604
196.0826,13.4288,3.5327313,0.04698,1.1,1.13,3.4628654572118767
280.9352,10.774399999999998,2.9444256,0.0376,0.78,0.765,2.2612433640760408
340.36379999999997,14.559999999999999,2.3412127,0.03651,1.129,1.147,3.7200861515977595
184.32399999999998,14.111999999999998,3.76483,0.0474,1.0,0.95,3.277372689757937
326.6984,14.347199999999997,2.7566004,0.03985,1.12,1.34,3.8035214165175737
288.2446,13.5856,3.40883,0.04469,1.021,1.094,2.9685714969068235
77.22540000000001,8.68,3.92271218,0.047,0.825,0.846,2.6199503512687876
269.1766,12.0848,2.15222144,0.03138,0.84,0.834,2.404964489020326
151.9084,17.214399999999998,3.405909,0.04657,1.16,1.24,3.700286087910462
1144.0800000000002,13.216,2.71865,0.0394,1.1,1.11,3.691944304232965
889.84,17.953599999999998,1.21986967,0.02558,1.495,1.444,5.388316264905734
187.502,13.664,4.3176782,0.0524,1.01,0.93,3.278820612701379
724.2662,14.212799999999998,1.5373653,0.02624,1.02,0.943,3.423245145247425
572.0400000000001,12.991999999999999,3.577471,0.04339,0.849,0.977,2.3330449785544074
861.8736000000001,12.0848,6.871815,0.07551,1.216,1.365,4.270018033089823
88.98400000000001,14.223999999999998,4.055259,0.0486,0.93,0.895,3.0204345602569878
654.668,16.284799999999997,1.8468372,0.0313,1.24,1.31,4.6171635748372575
298.73199999999997,13.216,3.052404,0.04,0.95,1.01,3.1803762767039028
652.1256000000001,11.6032,0.81347753,0.01526,0.717,0.667,2.242013222746915
282.5242,12.767999999999999,2.4238039,0.03473,0.951,0.927,3.0340938048984394
320.02459999999996,12.991999999999999,3.1260876,0.04054,0.909,0.945,2.8266854104784116
667.6978,14.671999999999999,1.43037,0.02448,0.956,0.917,3.177472417138363
363.064254,12.622399999999999,4.1591289,0.052,1.04,1.14,3.3983954819258115
13.099716,3.5728,9.03077,0.088,1.04,1.14,3.1851375932432244
6.829522,1.8032,0.789592,0.0173,1.04,1.14,3.620176235318288
311.444,18.703999999999997,2.143634,0.03444,1.19,1.75,3.9137703917204276
120.1284,12.488,2.7817387,0.0378,0.94,0.9,2.6493873275195283
380.53372,15.50752,1.338231602,0.02312,0.93,1.15,3.010411326676977
456.6786,12.745599999999998,1.9550959,0.02913,0.861,0.855,2.6094219429346652
146.18800000000002,14.223999999999998,1.74977083,0.0272,0.87,0.79,2.453928418630172
677.5496,12.0288,3.3098443,0.04101,0.839,0.798,2.3776858421058447
193.858,14.895999999999999,4.46563,0.0533,1.11,1.09,3.453464594562231
282.84200000000004,15.344,5.01718,0.0561,0.94,1.17,2.9092253522602927
274.2614,8.68,7.919585,0.0697,0.719,0.613,1.991783700541189
520.2386,13.1152,1.6284246,0.02729,1.0,1.084,3.2609662417300203
654.668,13.888,3.8559,0.0514,1.22,1.36,3.8093482379406263
181.146,15.567999999999998,4.411953,0.0567,1.25,1.28,4.060775075926749
120.76400000000001,16.016,4.37809,0.0574,1.32,1.88,4.275225643659012
737.2959999999999,15.567999999999998,4.086052,0.0546,1.3,1.75,4.254375796191953
133.476,15.679999999999998,4.61442,0.0517,0.87,0.87,2.6928362322979154
82.628,11.838399999999998,3.8681382,0.04525,0.826,0.813,2.379679903706557
159.8534,13.708799999999998,3.361006,0.0421,0.888,0.87,3.0394600601344757
187.502,13.036799999999998,3.7130203,0.04853,1.106,1.215,3.6271228194764515
464.30580000000003,14.223999999999998,2.2167421,0.03708,1.386,1.98,5.121027868004937
597.4639999999999,12.991999999999999,4.08722,0.05512,1.34,2.07,4.796026870094409
262.5028,13.977599999999999,2.13775138,0.03443,1.48,1.64,5.474396248693899
340.04600000000005,14.223999999999998,2.484193,0.0375,1.14,1.26,3.66551008623601
292.37600000000003,20.496,1.809886,0.033,1.46,1.73,5.500440660263121
559.328,13.552,1.3600309,0.024,1.002,0.955,3.154942106409597
286.02000000000004,19.04,3.6623817,0.0539,1.56,1.64,6.2234801290752495
305.088,14.895999999999999,4.9546416,0.0617,1.276,1.432,4.7256439928170195
176.0612,10.662399999999998,3.0678504,0.0346,0.58,0.63,1.5188980202549152
231.6762,16.0048,2.7164762,0.03908,1.08,1.283,3.7596432632038628
394.072,18.703999999999997,2.705782,0.0447,1.63,2.18,6.038956206803041
95.34,11.648,4.071252,0.059,1.11,1.05,3.361478955997525
219.9176,10.71168,8.5234964,0.0778,0.842,0.748,2.3626833937549594
15.190840000000001,1.9487999999999996,1.4468849,0.02359,0.842,0.748,2.3223705337145573
402.017,13.888,2.6556777,0.039,1.09,0.935,3.3054805938771197
702.338,15.511999999999999,1.682795,0.02946,1.204,1.627,4.3428520972717495
177.96800000000002,19.04,4.954,0.06431,1.45,2.08,5.014859535930008
1875.0200000000002,11.648,3.3564227,0.0427,0.92,0.88,2.5824302124824405
713.1432000000001,11.6256,8.158715,0.0801,1.033,0.953,3.3992340195198536
200.214,18.255999999999997,3.916243,0.0562,1.55,1.98,5.854480310376109
425.85200000000003,11.536,2.798581,0.037,0.84,0.86,2.519339270180003
255.82900000000004,16.3632,2.1746742,0.0348,1.19,1.341,4.107682434587586
467.166,17.8864,2.7325321,0.04211,1.3,1.06,4.719831957107037
143.6456,19.264,3.9501907,0.055,1.29,1.36,4.3154148153905325
383.2668,12.297600000000001,2.1846656,0.0312,1.11,1.13,3.329227470371226
152.544,13.44,3.4252602,0.0453,1.06,1.05,3.3841432607318818
419.49600000000004,12.655999999999999,2.07276,0.03303,1.12,1.06,3.127023935136439
263.774,12.32,2.96264,0.036,0.69,0.7,1.6644008452857073
883.4839999999999,12.32,5.75251,0.0717,1.48,1.76,5.643882380149661
187.502,11.2,2.663416,0.0282,0.65,0.61,1.6978572454235206
231.994,11.2,1.7522239,0.0234,0.73,0.66,1.8828175796029751
6.26066,2.0414239999999997,6.001127,0.05706,0.688,0.69,1.8359526741254344
1274.378,16.688,3.352059,0.047,1.2,1.15,4.599861838595234
355.93600000000004,14.559999999999999,1.0187074,0.01855,0.82,0.761,2.2739233622884902
286.02000000000004,13.260799999999998,3.9415128,0.0488,1.0,0.928,3.3007576110085415
197.036,10.897599999999999,2.615838,0.0369,0.98,0.964,2.917151751672091
3746.862,13.6304,3.1915239,0.0454,1.41,1.49,5.564274562279204
513.5648000000001,14.750399999999999,4.12473,0.05485,1.32,1.55,4.544627234959712
342.2706,11.536,4.1877537,0.0487,0.88,1.06,2.5371557407449865
230.7228,15.0752,2.86413296,0.04329,1.405,1.48,5.30841821178702
